,Model,Actual,%diff
SMB %,0.0444306227594212,-0.08308784112449796,153.47427753339602
HML %,-0.060485176827758245,0.05654712678714863,206.96419122307134
WML %,-0.03395354694305343,0.10983305887550196,130.9137770455255
Rm-Rf %,-0.00811678939121164,-0.023308300160642524,65.17639924288717
high-low,0.021246935187745272,-0.02135283163406517,199.50406368516036
