,Model,Actual,%diff
SMB %,0.04224991858204982,-0.08308784112449796,150.84970076276622
HML %,-0.05624339508832975,0.05654712678714863,199.46286979361096
WML %,-0.035814930072686345,0.10983305887550196,132.60851554110255
Rm-Rf %,-0.009123032499450092,-0.023308300160642524,60.85929717493991
