,Model,Actual
SMB %,0.031240889097830214,0.09834982148148144
HML %,0.07395410465581806,0.023263328765432106
WML %,0.0353911018496299,0.012302707242798335
Rm-Rf %,0.15863403380463792,0.10935189131687245
high-low,-0.1192068016348458,-0.20615230109137095
