,Model,Actual,%diff
SMB %,0.031240889097830214,0.09834982148148144,68.23493054970858
HML %,0.07395410465581806,0.023263328765432106,-217.89992481948403
WML %,0.0353911018496299,0.012302707242798335,-187.66921906840358
Rm-Rf %,0.15863403380463792,0.10935189131687245,-45.06748067571969
high-low,-0.1192068016348458,-0.20615230109137095,42.175371798536986
