,Model,Actual,%diff
SMB %,-0.02597767628419821,0.12958197441295552,120.04729160972019
HML %,0.045909032465551725,-0.07351286963562752,162.45033378931277
WML %,0.10017998793364885,0.10002566898785428,-0.15427934384853403
Rm-Rf %,0.1737741198205521,-0.01940360246963564,995.5765821964668
