,Model,Actual,%diff
SMB %,0.12000081229523787,-0.008750001300813022,1471.437650918838
HML %,-0.23082215294615913,-0.011918785284552855,-1836.6248106282471
WML %,-0.038274027265678,0.02244276349593495,270.54061667855905
Rm-Rf %,0.08158631150231259,-0.000619441422764242,13270.948616615868
high-low,0.34725455088092594,-0.03627329200169792,1057.3284687385728
