,Model,Actual
SMB %,0.12000081229523787,-0.008750001300813022
HML %,-0.23082215294615913,-0.011918785284552855
WML %,-0.038274027265678,0.02244276349593495
Rm-Rf %,0.08158631150231259,-0.000619441422764242
high-low,0.34725455088092594,-0.03627329200169792
