,Model,Actual
SMB %,0.027244067637941377,0.04472266611336035
HML %,0.031025362130601933,0.06531492724696356
WML %,0.13497063759499034,0.10277658206477729
Rm-Rf %,0.19841346012948077,0.10903453238866398
high-low,-0.36426926637891655,-0.16335061285673744
